"entity_id","entity_type","name","country"
"I0000","individual","Oliver","France"
"I0001","individual","Woods","Canada"
"I0002","individual","Rodriguez","United States"
"I0003","individual","Sosa","South Africa"
"I0004","individual","Ford","Japan"
"I0005","individual","Macias","Japan"
"I0006","individual","Miller","Germany"
"I0007","individual","Knapp","South Africa"
"I0008","individual","Wilson","Germany"
"I0009","individual","Burgess","Mexico"
"I0010","individual","Archer","France"
"I0011","individual","Jones","Spain"
"I0012","individual","Hopkins","Italy"
"I0013","individual","Snyder","South Africa"
"I0014","individual","Russell","South Africa"
"I0015","individual","Sanchez","Japan"
"I0016","individual","Coleman","Australia"
"I0017","individual","Henry","Italy"
"I0018","individual","Liu","United Kingdom"
"I0019","individual","Kane","United Kingdom"
"I0020","individual","Little","Japan"
"I0021","individual","Horton","India"
"I0022","individual","Turner","United States"
"I0023","individual","Ibarra","Japan"
"I0024","individual","Parker","Germany"
"I0025","individual","Robinson","Italy"
"I0026","individual","Brown","Brazil"
"I0027","individual","Taylor","United Kingdom"
"I0028","individual","Wood","Spain"
"I0029","individual","Walls","Australia"
"I0030","individual","Campbell","Australia"
"I0031","individual","Moran","Brazil"
"I0032","individual","Hess","Brazil"
"I0033","individual","Marquez","United Kingdom"
"I0034","individual","Barrett","United States"
"I0035","individual","Bray","United States"
"I0036","individual","Graham","United Kingdom"
"I0037","individual","Calderon","France"
"I0038","individual","Thomas","India"
"I0039","individual","Briggs","Japan"
"I0040","individual","Castro","Canada"
"I0041","individual","Tapia","India"
"I0042","individual","Gonzalez","France"
"I0043","individual","Maldonado","Mexico"
"I0044","individual","Martinez","Italy"
"I0045","individual","Kelley","Italy"
"I0046","individual","Jacobs","Australia"
"I0047","individual","Phelps","United States"
"I0048","individual","Stevens","Germany"
"I0049","individual","Ortiz","China"
"I0050","individual","Murray","United States"
"I0051","individual","Morgan","South Africa"
"I0052","individual","Hansen","Brazil"
"I0053","individual","Mitchell","Brazil"
"I0054","individual","Forbes","Italy"
"I0055","individual","Moore","United States"
"I0056","individual","Moore","Australia"
"I0057","individual","Keith","South Africa"
"I0058","individual","Anderson","Germany"
"I0059","individual","Hanson","Germany"
"I0060","individual","Greer","Japan"
"I0061","individual","Bird","China"
"I0062","individual","Hernandez","Australia"
"I0063","individual","Dean","Mexico"
"I0064","individual","Lee","Mexico"
"I0065","individual","Ward","France"
"I0066","individual","Butler","Canada"
"I0067","individual","Bailey","Japan"
"I0068","individual","Melendez","China"
"I0069","individual","Miller","United Kingdom"
"I0070","individual","Carlson","France"
"I0071","individual","Reeves","Japan"
"I0072","individual","Pittman","Italy"
"I0073","individual","Potter","Germany"
"I0074","individual","Kaiser","France"
"I0075","individual","Wagner","Japan"
"I0076","individual","Mora","Germany"
"I0077","individual","James","Japan"
"I0078","individual","Bennett","China"
"I0079","individual","Anderson","Canada"
"I0080","individual","Burch","Spain"
"I0081","individual","Dunn","Japan"
"I0082","individual","Shelton","Canada"
"I0083","individual","Ramirez","Japan"
"I0084","individual","Cox","Germany"
"I0085","individual","Austin","Australia"
"I0086","individual","Gallagher","Mexico"
"I0087","individual","Hatfield","Australia"
"I0088","individual","Crane","United States"
"I0089","individual","Sanchez","Canada"
"I0090","individual","Tate","Brazil"
"I0091","individual","Brown","Japan"
"I0092","individual","Walker","Mexico"
"I0093","individual","Maynard","Australia"
"I0094","individual","Gonzalez","Brazil"
"I0095","individual","Davis","Canada"
"I0096","individual","Rivera","France"
"I0097","individual","Bowen","Brazil"
"I0098","individual","Avila","Australia"
"I0099","individual","Ramos","China"
"I0100","individual","Bell","Japan"
"I0101","individual","Torres","United Kingdom"
"I0102","individual","Berry","France"
"I0103","individual","Eaton","India"
"I0104","individual","Dyer","Japan"
"I0105","individual","Dennis","France"
"I0106","individual","Turner","Brazil"
"I0107","individual","Keller","United States"
"I0108","individual","Ward","China"
"I0109","individual","Carter","Mexico"
"I0110","individual","Villa","United States"
"I0111","individual","Reid","India"
"I0112","individual","Martinez","Brazil"
"I0113","individual","Baker","Germany"
"I0114","individual","Mueller","Spain"
"I0115","individual","James","Australia"
"I0116","individual","Harrington","Australia"
"I0117","individual","Edwards","Canada"
"I0118","individual","Tran","Brazil"
"I0119","individual","Jackson","Italy"
"I0120","individual","Howe","France"
"I0121","individual","Shaw","Japan"
"I0122","individual","Hart","India"
"I0123","individual","Smith","Mexico"
"I0124","individual","Grant","Brazil"
"I0125","individual","Baker","Italy"
"I0126","individual","Logan","Italy"
"I0127","individual","Navarro","United Kingdom"
"I0128","individual","Carter","Mexico"
"I0129","individual","Wheeler","Brazil"
"I0130","individual","Hernandez","Mexico"
"I0131","individual","Boyer","South Africa"
"I0132","individual","Serrano","Spain"
"I0133","individual","Sanchez","Japan"
"I0134","individual","Williams","Germany"
"I0135","individual","Bailey","Canada"
"I0136","individual","Johnson","Spain"
"I0137","individual","Hernandez","South Africa"
"I0138","individual","Garcia","Australia"
"I0139","individual","Gordon","Spain"
"I0140","individual","Coleman","Japan"
"I0141","individual","Ramos","Mexico"
"I0142","individual","Baker","Australia"
"I0143","individual","Fuller","Spain"
"I0144","individual","Miller","Australia"
"I0145","individual","Clayton","India"
"I0146","individual","Flores","United States"
"I0147","individual","Johnson","China"
"I0148","individual","Hansen","Canada"
"I0149","individual","Perez","China"
"I0150","individual","Baker","Spain"
"I0151","individual","Davenport","Japan"
"I0152","individual","Yoder","Japan"
"I0153","individual","Berg","France"
"I0154","individual","Gonzalez","Canada"
"I0155","individual","Fox","Mexico"
"I0156","individual","Cannon","Japan"
"I0157","individual","Velazquez","Mexico"
"I0158","individual","Collins","Brazil"
"I0159","individual","Crawford","Mexico"
"I0160","individual","Black","United States"
"I0161","individual","Santiago","Canada"
"I0162","individual","Ray","United States"
"I0163","individual","Phelps","United States"
"I0164","individual","Hunt","Australia"
"I0165","individual","Pitts","China"
"I0166","individual","Stevenson","Italy"
"I0167","individual","Hernandez","South Africa"
"I0168","individual","Perez","United States"
"I0169","individual","Green","Canada"
"I0170","individual","Mills","South Africa"
"I0171","individual","James","Canada"
"I0172","individual","Phillips","Australia"
"I0173","individual","Rodriguez","Italy"
"I0174","individual","Kelly","Italy"
"I0175","individual","Miller","China"
"I0176","individual","Carson","Spain"
"I0177","individual","Shields","Germany"
"I0178","individual","Garza","Australia"
"I0179","individual","Barker","Australia"
"I0180","individual","Martinez","Japan"
"I0181","individual","Smith","Germany"
"I0182","individual","Taylor","South Africa"
"I0183","individual","Crawford","Italy"
"I0184","individual","Bishop","United States"
"I0185","individual","Johnson","China"
"I0186","individual","Miller","China"
"I0187","individual","Webb","Canada"
"I0188","individual","Middleton","Japan"
"I0189","individual","White","Brazil"
"I0190","individual","Thompson","France"
"I0191","individual","Ramos","India"
"I0192","individual","Hill","Japan"
"I0193","individual","Christian","United Kingdom"
"I0194","individual","Allen","Germany"
"I0195","individual","Mcdonald","United States"
"I0196","individual","Murphy","Australia"
"I0197","individual","Estrada","United Kingdom"
"I0198","individual","Reyes","India"
"I0199","individual","Hunt","Brazil"
"I0200","individual","White","China"
"I0201","individual","Hall","Australia"
"I0202","individual","Wright","Spain"
"I0203","individual","Rodriguez","Mexico"
"I0204","individual","Delacruz","China"
"I0205","individual","Costa","Mexico"
"I0206","individual","Wilson","United States"
"I0207","individual","Green","Australia"
"I0208","individual","Sanders","Australia"
"I0209","individual","Burns","Italy"
"I0210","individual","Shelton","Brazil"
"I0211","individual","Morgan","Spain"
"I0212","individual","Pierce","China"
"I0213","individual","Lewis","Canada"
"I0214","individual","Doyle","Brazil"
"I0215","individual","Young","Italy"
"I0216","individual","Kennedy","Spain"
"I0217","individual","Schmidt","France"
"I0218","individual","Kane","United Kingdom"
"I0219","individual","Rogers","Australia"
"I0220","individual","Edwards","China"
"I0221","individual","Gonzales","United Kingdom"
"I0222","individual","Burton","United States"
"I0223","individual","Jones","Spain"
"I0224","individual","Martin","United Kingdom"
"I0225","individual","Walsh","Germany"
"I0226","individual","Marshall","Canada"
"I0227","individual","Beck","China"
"I0228","individual","Gray","France"
"I0229","individual","Campos","South Africa"
"I0230","individual","Jackson","United States"
"I0231","individual","Morgan","India"
"I0232","individual","Howell","Canada"
"I0233","individual","Lewis","Italy"
"I0234","individual","Noble","India"
"I0235","individual","Flores","China"
"I0236","individual","Pruitt","Mexico"
"I0237","individual","Ruiz","South Africa"
"I0238","individual","Gross","Mexico"
"I0239","individual","Mcguire","Italy"
"I0240","individual","Black","Japan"
"I0241","individual","Powell","Italy"
"I0242","individual","Schneider","United Kingdom"
"I0243","individual","Buchanan","Germany"
"I0244","individual","King","Mexico"
"I0245","individual","Downs","France"
"I0246","individual","Kelley","China"
"I0247","individual","Hernandez","United States"
"I0248","individual","Lewis","South Africa"
"I0249","individual","Johnson","United Kingdom"
"I0250","individual","Ramirez","France"
"I0251","individual","Carlson","United States"
"I0252","individual","Guzman","Germany"
"I0253","individual","Brandt","Canada"
"I0254","individual","Simon","France"
"I0255","individual","Wolf","Australia"
"I0256","individual","King","Mexico"
"I0257","individual","Wood","United States"
"I0258","individual","Smith","France"
"I0259","individual","Wright","France"
"I0260","individual","Morse","Brazil"
"I0261","individual","Mendez","United Kingdom"
"I0262","individual","Spencer","South Africa"
"I0263","individual","Valencia","China"
"I0264","individual","Reese","Germany"
"I0265","individual","Wong","South Africa"
"I0266","individual","Young","China"
"I0267","individual","Mccullough","Italy"
"I0268","individual","Parsons","Japan"
"I0269","individual","Hamilton","Brazil"
"I0270","individual","Sanders","France"
"I0271","individual","Harrison","Japan"
"I0272","individual","Miller","South Africa"
"I0273","individual","Mcgrath","Germany"
"I0274","individual","Johnson","United Kingdom"
"I0275","individual","Scott","Australia"
"I0276","individual","Schwartz","China"
"I0277","individual","Smith","Italy"
"I0278","individual","Garcia","Mexico"
"I0279","individual","Mills","Spain"
"I0280","individual","Rios","China"
"I0281","individual","Walker","Japan"
"I0282","individual","Sosa","Italy"
"I0283","individual","Farmer","China"
"I0284","individual","Tran","Italy"
"I0285","individual","Cortez","Japan"
"I0286","individual","Fowler","France"
"I0287","individual","Romero","France"
"I0288","individual","Kane","India"
"I0289","individual","Peters","South Africa"
"I0290","individual","Coleman","United Kingdom"
"I0291","individual","James","Canada"
"I0292","individual","Moore","India"
"I0293","individual","Anderson","United States"
"I0294","individual","Kemp","Germany"
"I0295","individual","Stanley","France"
"I0296","individual","Garcia","France"
"I0297","individual","Reed","Australia"
"I0298","individual","Ferguson","Australia"
"I0299","individual","Schwartz","South Africa"
"I0300","individual","Johnson","South Africa"
"I0301","individual","Norris","Spain"
"I0302","individual","Cruz","Germany"
"I0303","individual","Garcia","Australia"
"I0304","individual","Ward","China"
"I0305","individual","Harris","South Africa"
"I0306","individual","Brown","United Kingdom"
"I0307","individual","Li","Spain"
"I0308","individual","Thompson","South Africa"
"I0309","individual","Patton","India"
"I0310","individual","Williamson","Australia"
"I0311","individual","Landry","Mexico"
"I0312","individual","Bell","France"
"I0313","individual","Vazquez","Italy"
"I0314","individual","Nicholson","United Kingdom"
"I0315","individual","Brown","China"
"I0316","individual","Payne","Italy"
"I0317","individual","Taylor","Germany"
"I0318","individual","Robinson","Japan"
"I0319","individual","Williams","Australia"
"I0320","individual","Nelson","Germany"
"I0321","individual","Williams","Germany"
"I0322","individual","Ellison","Canada"
"I0323","individual","Henderson","Brazil"
"I0324","individual","Ferguson","India"
"I0325","individual","Ortiz","Germany"
"I0326","individual","Mccormick","Germany"
"I0327","individual","Fox","Brazil"
"I0328","individual","Powell","India"
"I0329","individual","Mann","Germany"
"I0330","individual","Bullock","China"
"I0331","individual","Hunter","Brazil"
"I0332","individual","Blevins","Australia"
"I0333","individual","Cochran","Brazil"
"I0334","individual","Porter","Spain"
"I0335","individual","Martinez","Japan"
"I0336","individual","Rodriguez","South Africa"
"I0337","individual","Pace","United Kingdom"
"I0338","individual","Simpson","United States"
"I0339","individual","Mosley","India"
"I0340","individual","Brown","Canada"
"I0341","individual","Marquez","United Kingdom"
"I0342","individual","Evans","South Africa"
"I0343","individual","Martin","Brazil"
"I0344","individual","Cruz","Australia"
"I0345","individual","Rocha","France"
"I0346","individual","Lara","Canada"
"I0347","individual","Conley","Australia"
"I0348","individual","Howard","China"
"I0349","individual","Anderson","United Kingdom"
"I0350","individual","Lang","United States"
"I0351","individual","Glass","India"
"I0352","individual","Anderson","Japan"
"I0353","individual","White","Germany"
"I0354","individual","Grant","United States"
"I0355","individual","Villa","Spain"
"I0356","individual","Flynn","Italy"
"I0357","individual","Smith","Japan"
"I0358","individual","Werner","Spain"
"I0359","individual","Benson","South Africa"
"I0360","individual","Murphy","United Kingdom"
"I0361","individual","Wolf","France"
"I0362","individual","Garrett","Canada"
"I0363","individual","Pitts","Mexico"
"I0364","individual","Hughes","France"
"I0365","individual","Hernandez","United Kingdom"
"I0366","individual","Hernandez","United Kingdom"
"I0367","individual","Quinn","Italy"
"I0368","individual","Beasley","France"
"I0369","individual","Wolfe","Australia"
"I0370","individual","Webster","Mexico"
"I0371","individual","Patel","United Kingdom"
"I0372","individual","Simpson","China"
"I0373","individual","Mosley","South Africa"
"I0374","individual","Sullivan","Spain"
"I0375","individual","Tucker","South Africa"
"I0376","individual","Cervantes","Australia"
"I0377","individual","Perez","Australia"
"I0378","individual","Harris","India"
"I0379","individual","Reyes","Mexico"
"I0380","individual","Hamilton","Brazil"
"I0381","individual","Smith","Italy"
"I0382","individual","Mcmahon","India"
"I0383","individual","Dawson","Brazil"
"I0384","individual","Thompson","Italy"
"I0385","individual","Le","India"
"I0386","individual","Leon","Japan"
"I0387","individual","Smith","Australia"
"I0388","individual","Bates","France"
"I0389","individual","Taylor","India"
"I0390","individual","Johnson","Italy"
"I0391","individual","Sanders","Spain"
"I0392","individual","Freeman","United States"
"I0393","individual","Nelson","Brazil"
"I0394","individual","Santiago","France"
"I0395","individual","Walker","India"
"I0396","individual","Schmidt","Australia"
"I0397","individual","Vargas","Brazil"
"I0398","individual","Norman","Mexico"
"I0399","individual","Bryant","Brazil"
"I0400","individual","Cox","China"
"I0401","individual","Olsen","South Africa"
"I0402","individual","Hawkins","India"
"I0403","individual","Williams","Brazil"
"I0404","individual","Martin","Brazil"
"I0405","individual","Wall","Spain"
"I0406","individual","Macias","China"
"I0407","individual","Peterson","China"
"I0408","individual","Nguyen","United Kingdom"
"I0409","individual","Bentley","Italy"
"I0410","individual","Green","Brazil"
"I0411","individual","Gardner","Brazil"
"I0412","individual","Bush","Japan"
"I0413","individual","Munoz","Germany"
"I0414","individual","Adams","United States"
"I0415","individual","Johnston","France"
"I0416","individual","Peterson","Mexico"
"I0417","individual","Hall","Brazil"
"I0418","individual","Cook","Australia"
"I0419","individual","Sanders","India"
"I0420","individual","Johnson","France"
"I0421","individual","Baker","Brazil"
"I0422","individual","Knight","Japan"
"I0423","individual","Cowan","South Africa"
"I0424","individual","Moss","China"
"I0425","individual","Ayala","United States"
"I0426","individual","Moore","United Kingdom"
"I0427","individual","Torres","France"
"I0428","individual","Richard","France"
"I0429","individual","Dominguez","Brazil"
"I0430","individual","Hinton","France"
"I0431","individual","Silva","Australia"
"I0432","individual","Scott","South Africa"
"I0433","individual","Hughes","Brazil"
"I0434","individual","Dean","South Africa"
"I0435","individual","Guzman","India"
"I0436","individual","Patterson","Germany"
"I0437","individual","Williamson","United States"
"I0438","individual","Morrison","Canada"
"I0439","individual","Arias","Australia"
"I0440","individual","Hammond","Italy"
"I0441","individual","Williamson","Brazil"
"I0442","individual","Avila","Australia"
"I0443","individual","Martin","France"
"I0444","individual","Davis","Brazil"
"I0445","individual","Lindsey","United States"
"I0446","individual","Miller","China"
"I0447","individual","Pratt","South Africa"
"I0448","individual","Riley","South Africa"
"I0449","individual","Gordon","France"
"I0450","individual","Martinez","United Kingdom"
"I0451","individual","Pratt","China"
"I0452","individual","Dunn","India"
"I0453","individual","Garrett","Australia"
"I0454","individual","Lee","India"
"I0455","individual","Ward","Italy"
"I0456","individual","Henderson","Mexico"
"I0457","individual","Morales","United Kingdom"
"I0458","individual","Gray","Brazil"
"I0459","individual","Farmer","Italy"
"I0460","individual","Powers","Mexico"
"I0461","individual","Stevenson","China"
"I0462","individual","Dennis","Australia"
"I0463","individual","Gaines","France"
"I0464","individual","Hood","China"
"I0465","individual","Hartman","Germany"
"I0466","individual","Perez","China"
"I0467","individual","Robertson","Australia"
"I0468","individual","Rice","United States"
"I0469","individual","Herrera","Brazil"
"I0470","individual","Tran","United Kingdom"
"I0471","individual","Mitchell","South Africa"
"I0472","individual","Wade","Germany"
"I0473","individual","Henderson","India"
"I0474","individual","Santana","United States"
"I0475","individual","Francis","Canada"
"I0476","individual","Summers","Mexico"
"I0477","individual","Alvarez","Spain"
"I0478","individual","Martinez","Japan"
"I0479","individual","Bell","Australia"
"I0480","individual","Mckay","France"
"I0481","individual","Boyle","Germany"
"I0482","individual","Richards","France"
"I0483","individual","Smith","United States"
"I0484","individual","Richardson","Mexico"
"I0485","individual","Sanders","United Kingdom"
"I0486","individual","Jimenez","Japan"
"I0487","individual","Barnes","Mexico"
"I0488","individual","Blackwell","South Africa"
"I0489","individual","Murray","Japan"
"I0490","individual","Schmitt","Italy"
"I0491","individual","Barber","Italy"
"I0492","individual","Flores","India"
"I0493","individual","Lucas","Japan"
"I0494","individual","Russell","United States"
"I0495","individual","Porter","Germany"
"I0496","individual","Wells","South Africa"
"I0497","individual","Garcia","Spain"
"I0498","individual","Medina","Australia"
"I0499","individual","Chen","United Kingdom"
"I0500","individual","Herrera","United Kingdom"
"I0501","individual","Ferguson","Germany"
"I0502","individual","Wilcox","South Africa"
"I0503","individual","Arnold","Canada"
"I0504","individual","Cordova","Japan"
"I0505","individual","Oneal","Australia"
"I0506","individual","Brown","France"
"I0507","individual","Davis","Mexico"
"I0508","individual","Sanders","Mexico"
"I0509","individual","Paul","South Africa"
"I0510","individual","Gonzalez","United States"
"I0511","individual","Reed","United Kingdom"
"I0512","individual","Wood","France"
"I0513","individual","Guerrero","Canada"
"I0514","individual","Martin","Brazil"
"I0515","individual","Miller","China"
"I0516","individual","Brown","Spain"
"I0517","individual","Porter","Canada"
"I0518","individual","Ashley","France"
"I0519","individual","Jennings","Canada"
"I0520","individual","Werner","France"
"I0521","individual","Hunter","United States"
"I0522","individual","Day","India"
"I0523","individual","Lowe","France"
"I0524","individual","Ford","France"
"I0525","individual","Schwartz","India"
"I0526","individual","Mcmillan","Australia"
"I0527","individual","Donovan","Spain"
"I0528","individual","Russell","South Africa"
"I0529","individual","Hess","Germany"
"I0530","individual","Butler","Japan"
"I0531","individual","Holden","China"
"I0532","individual","Love","Australia"
"I0533","individual","Jenkins","China"
"I0534","individual","Garcia","Canada"
"I0535","individual","Zamora","Italy"
"I0536","individual","Nguyen","Australia"
"I0537","individual","Chang","India"
"I0538","individual","Manning","Brazil"
"I0539","individual","Gutierrez","Italy"
"I0540","individual","Rogers","China"
"I0541","individual","Blackburn","Canada"
"I0542","individual","Greene","China"
"I0543","individual","Powell","Canada"
"I0544","individual","Snyder","Brazil"
"I0545","individual","Lyons","Spain"
"I0546","individual","Mcdaniel","Mexico"
"I0547","individual","Hinton","Mexico"
"I0548","individual","Ford","Germany"
"I0549","individual","Lewis","Brazil"
"I0550","individual","Daniels","Japan"
"I0551","individual","Nelson","India"
"I0552","individual","Gonzalez","Australia"
"I0553","individual","Hernandez","Spain"
"I0554","individual","Walker","South Africa"
"I0555","individual","Rivera","France"
"I0556","individual","Campbell","Germany"
"I0557","individual","Duran","Mexico"
"I0558","individual","Peters","Italy"
"I0559","individual","Allison","Canada"
"I0560","individual","Bass","Germany"
"I0561","individual","Cannon","United States"
"I0562","individual","Flores","Canada"
"I0563","individual","Leach","United Kingdom"
"I0564","individual","Lewis","India"
"I0565","individual","Richard","Canada"
"I0566","individual","Howell","Brazil"
"I0567","individual","Strickland","South Africa"
"I0568","individual","Lopez","Australia"
"I0569","individual","Brown","China"
"I0570","individual","Reyes","Mexico"
"I0571","individual","Williams","Italy"
"I0572","individual","Reed","Brazil"
"I0573","individual","Moore","Japan"
"I0574","individual","Brown","Brazil"
"I0575","individual","Miller","Spain"
"I0576","individual","Jones","Canada"
"I0577","individual","Moon","India"
"I0578","individual","Dennis","South Africa"
"I0579","individual","Jennings","Australia"
"I0580","individual","Edwards","United States"
"I0581","individual","Lara","Spain"
"I0582","individual","Campbell","Spain"
"I0583","individual","Marquez","India"
"I0584","individual","Graham","Spain"
"I0585","individual","Dennis","Mexico"
"I0586","individual","Morgan","India"
"I0587","individual","Harrison","Australia"
"I0588","individual","Miller","South Africa"
"I0589","individual","Montgomery","China"
"I0590","individual","Leonard","Australia"
"I0591","individual","Wheeler","Japan"
"I0592","individual","Taylor","United States"
"I0593","individual","Ali","Italy"
"I0594","individual","Shepherd","United States"
"I0595","individual","Johnson","Brazil"
"I0596","individual","Harris","India"
"I0597","individual","Nelson","India"
"I0598","individual","Dalton","United Kingdom"
"I0599","individual","Bright","Spain"
"I0600","individual","Nunez","United Kingdom"
"I0601","individual","Knight","Australia"
"I0602","individual","Hall","Germany"
"I0603","individual","Miller","United Kingdom"
"I0604","individual","Dixon","United Kingdom"
"I0605","individual","Palmer","India"
"I0606","individual","Gordon","Canada"
"I0607","individual","Russell","Brazil"
"I0608","individual","Russell","Australia"
"I0609","individual","Oconnor","China"
"I0610","individual","Moore","United Kingdom"
"I0611","individual","Mccall","Japan"
"I0612","individual","Thompson","United States"
"I0613","individual","Yang","Germany"
"I0614","individual","Stout","Italy"
"I0615","individual","Lindsey","India"
"I0616","individual","Murphy","Australia"
"I0617","individual","Powell","Germany"
"I0618","individual","Rogers","Mexico"
"I0619","individual","Chavez","China"
"I0620","individual","Davis","France"
"I0621","individual","Johnson","Mexico"
"I0622","individual","Martin","Australia"
"I0623","individual","Thomas","Mexico"
"I0624","individual","Hardy","Canada"
"I0625","individual","Willis","Spain"
"I0626","individual","Price","India"
"I0627","individual","Moore","United Kingdom"
"I0628","individual","Martinez","United Kingdom"
"I0629","individual","Thompson","Australia"
"I0630","individual","Le","China"
"I0631","individual","Richardson","Spain"
"I0632","individual","Burnett","Germany"
"I0633","individual","Boyd","France"
"I0634","individual","Jensen","South Africa"
"I0635","individual","Higgins","China"
"I0636","individual","Anderson","Mexico"
"I0637","individual","Hernandez","United States"
"I0638","individual","Reilly","Spain"
"I0639","individual","Williams","India"
"I0640","individual","Taylor","Brazil"
"I0641","individual","Alvarez","Mexico"
"I0642","individual","Sheppard","United States"
"I0643","individual","Stokes","Brazil"
"I0644","individual","Reynolds","France"
"I0645","individual","Davis","Australia"
"I0646","individual","Waters","China"
"I0647","individual","Hill","Brazil"
"I0648","individual","Clark","France"
"I0649","individual","Mitchell","Brazil"
"I0650","individual","Campbell","United States"
"I0651","individual","Nelson","India"
"I0652","individual","Murphy","France"
"I0653","individual","Garza","Canada"
"I0654","individual","Johnston","United Kingdom"
"I0655","individual","Morris","France"
"I0656","individual","Gilmore","United States"
"I0657","individual","Thomas","India"
"I0658","individual","Franklin","India"
"I0659","individual","Morgan","South Africa"
"I0660","individual","Brandt","United Kingdom"
"I0661","individual","Farley","Germany"
"I0662","individual","Duffy","South Africa"
"I0663","individual","Gonzalez","Japan"
"I0664","individual","Massey","Italy"
"I0665","individual","Lindsey","United Kingdom"
"I0666","individual","Montoya","Brazil"
"I0667","individual","Black","Italy"
"I0668","individual","Tucker","Germany"
"I0669","individual","Anderson","Mexico"
"I0670","individual","Morrison","Italy"
"I0671","individual","Cook","Brazil"
"I0672","individual","Walker","South Africa"
"I0673","individual","Torres","France"
"I0674","individual","Baker","Spain"
"I0675","individual","Cooper","France"
"I0676","individual","Nguyen","Spain"
"I0677","individual","Moses","Spain"
"I0678","individual","Wilson","United Kingdom"
"I0679","individual","Thompson","Italy"
"I0680","individual","Morse","India"
"I0681","individual","Carney","India"
"I0682","individual","Holder","United Kingdom"
"I0683","individual","Montoya","China"
"I0684","individual","Edwards","China"
"I0685","individual","Wagner","France"
"I0686","individual","Norman","Germany"
"I0687","individual","Andrews","South Africa"
"I0688","individual","Stone","Mexico"
"I0689","individual","Luna","France"
"I0690","individual","Green","Spain"
"I0691","individual","Gonzalez","Brazil"
"I0692","individual","Mosley","United States"
"I0693","individual","Long","Brazil"
"I0694","individual","Young","South Africa"
"I0695","individual","Ibarra","India"
"I0696","individual","Adkins","France"
"I0697","individual","Schultz","Italy"
"I0698","individual","Anderson","Australia"
"I0699","individual","Reese","Canada"
"I0700","individual","Soto","France"
"I0701","individual","Robinson","Brazil"
"I0702","individual","Ward","Germany"
"I0703","individual","Nixon","Japan"
"I0704","individual","White","Brazil"
"I0705","individual","Russell","South Africa"
"I0706","individual","Martinez","Japan"
"I0707","individual","Patton","Spain"
"I0708","individual","Mclaughlin","Japan"
"I0709","individual","Rhodes","Italy"
"I0710","individual","Brown","South Africa"
"I0711","individual","Conrad","Mexico"
"I0712","individual","Smith","China"
"I0713","individual","Johnson","Spain"
"I0714","individual","Bryant","South Africa"
"I0715","individual","Rhodes","Spain"
"I0716","individual","Ryan","South Africa"
"I0717","individual","Burton","China"
"I0718","individual","Gordon","South Africa"
"I0719","individual","Hancock","China"
"I0720","individual","Johnson","Italy"
"I0721","individual","Velasquez","Italy"
"I0722","individual","White","Germany"
"I0723","individual","Duarte","Canada"
"I0724","individual","Young","Australia"
"I0725","individual","Compton","Germany"
"I0726","individual","Patterson","Germany"
"I0727","individual","Hoffman","Spain"
"I0728","individual","Hunt","Brazil"
"I0729","individual","Nelson","United States"
"I0730","individual","Fuller","Australia"
"I0731","individual","King","France"
"I0732","individual","Cole","India"
"I0733","individual","Perry","China"
"I0734","individual","Leblanc","France"
"I0735","individual","White","Brazil"
"I0736","individual","Gillespie","Spain"
"I0737","individual","Thomas","Australia"
"I0738","individual","Pacheco","Mexico"
"I0739","individual","Ho","South Africa"
"I0740","individual","Williams","Italy"
"I0741","individual","Clayton","France"
"I0742","individual","Shaw","Brazil"
"I0743","individual","Jackson","China"
"I0744","individual","Ayala","India"
"I0745","individual","Reed","United States"
"I0746","individual","Moore","China"
"I0747","individual","Wiley","Spain"
"I0748","individual","Brown","Germany"
"I0749","individual","Davis","Japan"
"I0750","individual","Lopez","Brazil"
"I0751","individual","Turner","Spain"
"I0752","individual","Hendrix","China"
"I0753","individual","Williams","Brazil"
"I0754","individual","Jones","China"
"I0755","individual","Barrera","Japan"
"I0756","individual","Spears","India"
"I0757","individual","Barron","Brazil"
"I0758","individual","Moreno","Japan"
"I0759","individual","Lin","Brazil"
"I0760","individual","Fields","Germany"
"I0761","individual","Allen","Canada"
"I0762","individual","Bowman","China"
"I0763","individual","Palmer","Italy"
"I0764","individual","Butler","Italy"
"I0765","individual","Mitchell","Germany"
"I0766","individual","Wilson","Germany"
"I0767","individual","Potter","United States"
"I0768","individual","Brady","Italy"
"I0769","individual","Williams","Australia"
"I0770","individual","Lee","Italy"
"I0771","individual","Sanchez","Canada"
"I0772","individual","Harris","United States"
"I0773","individual","Smith","Japan"
"I0774","individual","Mccarty","Germany"
"I0775","individual","Peterson","United States"
"I0776","individual","Adams","Italy"
"I0777","individual","Williams","United Kingdom"
"I0778","individual","Ramirez","South Africa"
"I0779","individual","Martin","Mexico"
"I0780","individual","Gill","United States"
"I0781","individual","Glover","Australia"
"I0782","individual","Johnson","Germany"
"I0783","individual","Jones","India"
"I0784","individual","Brooks","United States"
"I0785","individual","Anderson","Germany"
"I0786","individual","Kaufman","India"
"I0787","individual","Cochran","United Kingdom"
"I0788","individual","Leblanc","United States"
"I0789","individual","Carlson","Italy"
"I0790","individual","Taylor","Germany"
"I0791","individual","Frye","Italy"
"I0792","individual","Nash","Germany"
"I0793","individual","Bell","Mexico"
"I0794","individual","Thompson","Japan"
"I0795","individual","Knight","Mexico"
"I0796","individual","Medina","Japan"
"I0797","individual","Wilson","Brazil"
"I0798","individual","Knox","United Kingdom"
"I0799","individual","Pruitt","France"
"B0000","business","Acme","United States"
"B0001","business","Nexlify","Germany"
"B0002","business","Techtron","Brazil"
"B0003","business","Globex","Spain"
"B0004","business","Innovex","China"
"B0005","business","Quantum","India"
"B0006","business","Synergy","Mexico"
"B0007","business","Vertex","France"
"B0008","business","OmniCorp","France"
"B0009","business","BrightPeak","Brazil"
"B0010","business","Nexus","Spain"
"B0011","business","Strive","South Africa"
"B0012","business","Pinnacle","Italy"
"B0013","business","CoreZap","China"
"B0014","business","Acme","Mexico"
"B0015","business","Nexlify","Japan"
"B0016","business","Techtron","South Africa"
"B0017","business","Globex","Mexico"
"B0018","business","Innovex","Germany"
"B0019","business","Quantum","Germany"
"B0020","business","Synergy","Spain"
"B0021","business","Vertex","Mexico"
"B0022","business","OmniCorp","Italy"
"B0023","business","BrightPeak","United States"
"B0024","business","Nexus","South Africa"
"B0025","business","Strive","Japan"
"B0026","business","Pinnacle","China"
"B0027","business","CoreZap","Japan"
"B0028","business","Acme","India"
"B0029","business","Nexlify","Brazil"
"B0030","business","Techtron","Italy"
"B0031","business","Globex","South Africa"
"B0032","business","Innovex","United States"
"B0033","business","Quantum","China"
"B0034","business","Synergy","Germany"
"B0035","business","Vertex","Japan"
"B0036","business","OmniCorp","South Africa"
"B0037","business","BrightPeak","Spain"
"B0038","business","Nexus","China"
"B0039","business","Strive","Australia"
"B0040","business","Pinnacle","France"
"B0041","business","CoreZap","China"
"B0042","business","Acme","Mexico"
"B0043","business","Nexlify","Brazil"
"B0044","business","Techtron","Australia"
"B0045","business","Globex","United Kingdom"
"B0046","business","Innovex","Germany"
"B0047","business","Quantum","Brazil"
"B0048","business","Synergy","Spain"
"B0049","business","Vertex","France"
"B0050","business","OmniCorp","Canada"
"B0051","business","BrightPeak","Canada"
"B0052","business","Nexus","Japan"
"B0053","business","Strive","South Africa"
"B0054","business","Pinnacle","Japan"
"B0055","business","CoreZap","Canada"
"B0056","business","Acme","Germany"
"B0057","business","Nexlify","Italy"
"B0058","business","Techtron","France"
"B0059","business","Globex","Germany"
"B0060","business","Innovex","Australia"
"B0061","business","Quantum","Germany"
"B0062","business","Synergy","South Africa"
"B0063","business","Vertex","Brazil"
"B0064","business","OmniCorp","Australia"
"B0065","business","BrightPeak","Italy"
"B0066","business","Nexus","France"
"B0067","business","Strive","China"
"B0068","business","Pinnacle","India"
"B0069","business","CoreZap","South Africa"
"B0070","business","Acme","China"
"B0071","business","Nexlify","United States"
"B0072","business","Techtron","Germany"
"B0073","business","Globex","France"
"B0074","business","Innovex","Australia"
"B0075","business","Quantum","Germany"
"B0076","business","Synergy","Canada"
"B0077","business","Vertex","India"
"B0078","business","OmniCorp","Australia"
"B0079","business","BrightPeak","Mexico"
"B0080","business","Nexus","China"
"B0081","business","Strive","India"
"B0082","business","Pinnacle","United Kingdom"
"B0083","business","CoreZap","Spain"
"B0084","business","Acme","Australia"
"B0085","business","Nexlify","Japan"
"B0086","business","Techtron","South Africa"
"B0087","business","Globex","Canada"
"B0088","business","Innovex","India"
"B0089","business","Quantum","Spain"
"B0090","business","Synergy","Canada"
"B0091","business","Vertex","Japan"
"B0092","business","OmniCorp","Spain"
"B0093","business","BrightPeak","Germany"
"B0094","business","Nexus","Spain"
"B0095","business","Strive","Italy"
"B0096","business","Pinnacle","Australia"
"B0097","business","CoreZap","United Kingdom"
"B0098","business","Acme","France"
"B0099","business","Nexlify","Brazil"
"B0100","business","Techtron","United States"
"B0101","business","Globex","United Kingdom"
"B0102","business","Innovex","Australia"
"B0103","business","Quantum","United Kingdom"
"B0104","business","Synergy","Germany"
"B0105","business","Vertex","Canada"
"B0106","business","OmniCorp","Australia"
"B0107","business","BrightPeak","South Africa"
"B0108","business","Nexus","United Kingdom"
"B0109","business","Strive","United Kingdom"
"B0110","business","Pinnacle","Germany"
"B0111","business","CoreZap","Germany"
"B0112","business","Acme","Brazil"
"B0113","business","Nexlify","Canada"
"B0114","business","Techtron","Canada"
"B0115","business","Globex","China"
"B0116","business","Innovex","Mexico"
"B0117","business","Quantum","Germany"
"B0118","business","Synergy","China"
"B0119","business","Vertex","Brazil"
"B0120","business","OmniCorp","Germany"
"B0121","business","BrightPeak","France"
"B0122","business","Nexus","Japan"
"B0123","business","Strive","France"
"B0124","business","Pinnacle","Japan"
"B0125","business","CoreZap","Mexico"
"B0126","business","Acme","Spain"
"B0127","business","Nexlify","Canada"
"B0128","business","Techtron","Germany"
"B0129","business","Globex","Japan"
"B0130","business","Innovex","Spain"
"B0131","business","Quantum","Canada"
"B0132","business","Synergy","China"
"B0133","business","Vertex","Australia"
"B0134","business","OmniCorp","India"
"B0135","business","BrightPeak","Italy"
"B0136","business","Nexus","China"
"B0137","business","Strive","Italy"
"B0138","business","Pinnacle","Mexico"
"B0139","business","CoreZap","Mexico"
"B0140","business","Acme","India"
"B0141","business","Nexlify","Italy"
"B0142","business","Techtron","Italy"
"B0143","business","Globex","Italy"
"B0144","business","Innovex","United Kingdom"
"B0145","business","Quantum","Canada"
"B0146","business","Synergy","France"
"B0147","business","Vertex","Australia"
"B0148","business","OmniCorp","United Kingdom"
"B0149","business","BrightPeak","Mexico"
"B0150","business","Nexus","Canada"
"B0151","business","Strive","Australia"
"B0152","business","Pinnacle","South Africa"
"B0153","business","CoreZap","India"
"B0154","business","Acme","Brazil"
"B0155","business","Nexlify","Italy"
"B0156","business","Techtron","Australia"
"B0157","business","Globex","Germany"
"B0158","business","Innovex","Germany"
"B0159","business","Quantum","India"
"B0160","business","Synergy","Australia"
"B0161","business","Vertex","Australia"
"B0162","business","OmniCorp","Japan"
"B0163","business","BrightPeak","United Kingdom"
"B0164","business","Nexus","Brazil"
"B0165","business","Strive","United States"
"B0166","business","Pinnacle","Germany"
"B0167","business","CoreZap","China"
"B0168","business","Acme","United States"
"B0169","business","Nexlify","Spain"
"B0170","business","Techtron","Germany"
"B0171","business","Globex","Australia"
"B0172","business","Innovex","United Kingdom"
"B0173","business","Quantum","United States"
"B0174","business","Synergy","Brazil"
"B0175","business","Vertex","Canada"
"B0176","business","OmniCorp","Mexico"
"B0177","business","BrightPeak","United Kingdom"
"B0178","business","Nexus","France"
"B0179","business","Strive","Brazil"
"B0180","business","Pinnacle","India"
"B0181","business","CoreZap","Mexico"
"B0182","business","Acme","Mexico"
"B0183","business","Nexlify","Germany"
"B0184","business","Techtron","Italy"
"B0185","business","Globex","Germany"
"B0186","business","Innovex","United Kingdom"
"B0187","business","Quantum","Italy"
"B0188","business","Synergy","South Africa"
"B0189","business","Vertex","Italy"
"B0190","business","OmniCorp","Australia"
"B0191","business","BrightPeak","Italy"
"B0192","business","Nexus","Australia"
"B0193","business","Strive","Japan"
"B0194","business","Pinnacle","India"
"B0195","business","CoreZap","United Kingdom"
"B0196","business","Acme","Australia"
"B0197","business","Nexlify","Australia"
"B0198","business","Techtron","South Africa"
"B0199","business","Globex","India"
